{"cameraMode":{"drawMode":0,"name":"Shaded","section":"Shading Mode"},"sceneLighting":true,"audioPlay":false,"sceneViewState":{"showFog":true,"showMaterialUpdate":false,"showSkybox":true,"showFlares":true,"showImageEffects":true,"showParticleSystems":true,"showVisualEffectGraphs":true,"m_FxEnabled":true},"in2DMode":false,"pivot":{"x":0.5877466201782227,"y":0.9676908254623413,"z":-0.2356858253479004},"rotation":{"x":0.14406293630599976,"y":-0.4372938871383667,"z":0.07119887322187424,"w":0.8848450779914856},"size":2.965258836746216,"orthographic":false}