{"cameraMode":{"drawMode":0,"name":"Shaded","section":"Shading Mode"},"sceneLighting":true,"audioPlay":false,"sceneViewState":{"showFog":true,"showMaterialUpdate":false,"showSkybox":true,"showFlares":true,"showImageEffects":true,"showParticleSystems":true,"showVisualEffectGraphs":true,"m_FxEnabled":true},"in2DMode":false,"pivot":{"x":-2.230005979537964,"y":-1.316624641418457,"z":27.793663024902345},"rotation":{"x":0.04520436003804207,"y":-0.06289726495742798,"z":0.002842365298420191,"w":0.9969943165779114},"size":15.054217338562012,"orthographic":false}