{"cameraMode":{"drawMode":0,"name":"Shaded","section":"Shading Mode"},"sceneLighting":true,"audioPlay":false,"sceneViewState":{"showFog":true,"showMaterialUpdate":false,"showSkybox":true,"showFlares":true,"showImageEffects":true,"showParticleSystems":true,"showVisualEffectGraphs":true,"m_FxEnabled":true},"in2DMode":false,"pivot":{"x":11.692264556884766,"y":15.292112350463868,"z":-28.463977813720704},"rotation":{"x":0.11651142686605454,"y":0.13661248981952668,"z":-0.016199104487895967,"w":0.983664870262146},"size":26.659095764160158,"orthographic":false}