{"cameraMode":{"drawMode":0,"name":"Shaded","section":"Shading Mode"},"sceneLighting":true,"audioPlay":false,"sceneViewState":{"showFog":true,"showMaterialUpdate":false,"showSkybox":true,"showFlares":true,"showImageEffects":true,"showParticleSystems":true,"showVisualEffectGraphs":true,"m_FxEnabled":true},"in2DMode":false,"pivot":{"x":35.635719299316409,"y":1.754899024963379,"z":30.465038299560548},"rotation":{"x":0.23677898943424226,"y":-0.49541401863098147,"z":0.14235346019268037,"w":0.8236355781555176},"size":9.522018432617188,"orthographic":false}