{"cameraMode":{"drawMode":0,"name":"Shaded","section":"Shading Mode"},"sceneLighting":false,"audioPlay":false,"sceneViewState":{"showFog":true,"showMaterialUpdate":false,"showSkybox":false,"showFlares":true,"showImageEffects":true,"showParticleSystems":true,"showVisualEffectGraphs":true,"m_FxEnabled":true},"in2DMode":false,"pivot":{"x":-0.045122623443603519,"y":-2.5330376625061037,"z":0.6248178482055664},"rotation":{"x":0.16411249339580537,"y":0.07242818176746369,"z":-0.012092752382159233,"w":0.9837068915367127},"size":7.776575088500977,"orthographic":false}