{"cameraMode":{"drawMode":0,"name":"Shaded","section":"Shading Mode"},"sceneLighting":false,"audioPlay":false,"sceneViewState":{"showFog":true,"showMaterialUpdate":false,"showSkybox":false,"showFlares":true,"showImageEffects":true,"showParticleSystems":true,"showVisualEffectGraphs":true,"m_FxEnabled":true},"in2DMode":false,"pivot":{"x":0.4013805389404297,"y":0.9413042068481445,"z":0.04008984565734863},"rotation":{"x":0.43913280963897707,"y":-0.02426047995686531,"z":0.011852240189909935,"w":0.8980205655097961},"size":2.6673104763031008,"orthographic":false}