{"cameraMode":{"drawMode":0,"name":"Shaded","section":"Shading Mode"},"sceneLighting":false,"audioPlay":false,"sceneViewState":{"showFog":true,"showMaterialUpdate":false,"showSkybox":false,"showFlares":true,"showImageEffects":true,"showParticleSystems":true,"showVisualEffectGraphs":true,"m_FxEnabled":true},"in2DMode":false,"pivot":{"x":1.2550371885299683,"y":9.687108039855957,"z":3.3834919929504396},"rotation":{"x":0.14825640618801118,"y":-0.007421479094773531,"z":0.0011030122404918075,"w":0.9889212846755981},"size":14.71311092376709,"orthographic":false}